<?xml version="1.0"?>
<!DOCTYPE mbeans-descriptors PUBLIC
 "-//Apache Software Foundation//DTD Model MBeans Configuration File"
 "http://jakarta.apache.org/commons/dtds/mbeans-descriptors.dtd">

<!--
     Descriptions of JMX MBeans for Catalina
 -->

<mbeans-descriptors>

  <mbean         name="TomcatValve4150"
            className="org.apache.catalina.mbeans.ClassNameMBean"
          description="Valve that allows Flex to programmatically log in"
               domain="Catalina"
                group="Valve"
                 type="flex.messaging.security.TomcatValve4150">

    <attribute   name="className"
          description="Fully qualified class name of the managed object"
                 type="java.lang.String"
            writeable="false"/>

    <attribute   name="debug"
          description="The debugging detail level for this component"
                 type="int"/>


  </mbean>
  
  <mbean         name="TomcatValve"
            className="org.apache.catalina.mbeans.ClassNameMBean"
          description="Valve that allows Flex to programmatically log in"
               domain="Catalina"
                group="Valve"
                 type="flex.messaging.security.TomcatValve">

    <attribute   name="className"
          description="Fully qualified class name of the managed object"
                 type="java.lang.String"
            writeable="false"/>

    <attribute   name="debug"
          description="The debugging detail level for this component"
                 type="int"/>


  </mbean>
</mbeans-descriptors>
